"Species","AphiaID","isMarine","isBrackish","isFreshwater","isTerrestrial","is_non_marine"
"Hexanchus griseus",105833,TRUE,FALSE,FALSE,FALSE,FALSE
"Naria spurca",1075013,TRUE,FALSE,FALSE,FALSE,FALSE
"Lepidochitona cinerea",152774,TRUE,NA,FALSE,FALSE,FALSE
"Mya arenaria",140430,TRUE,FALSE,FALSE,FALSE,FALSE
"Echiichthys vipera",150630,TRUE,FALSE,FALSE,FALSE,FALSE
"Chthamalus stellatus",106231,TRUE,NA,NA,NA,FALSE
"Scruparia chelata",111540,TRUE,FALSE,FALSE,FALSE,FALSE
"Balistes capriscus",154721,TRUE,FALSE,FALSE,FALSE,FALSE
"Tritia reticulata",876821,TRUE,NA,NA,NA,FALSE
"Polyprion americanus",126998,TRUE,FALSE,FALSE,FALSE,FALSE
"Callionymus lyra",126792,TRUE,FALSE,FALSE,FALSE,FALSE
"Abra alba",141433,TRUE,FALSE,FALSE,FALSE,FALSE
"Syngnathus acus",127387,TRUE,TRUE,FALSE,FALSE,FALSE
"Clupea harengus",126417,TRUE,TRUE,FALSE,FALSE,FALSE
"Pomatomus saltator",127002,TRUE,TRUE,FALSE,FALSE,FALSE
"Boops boops",127047,TRUE,FALSE,FALSE,FALSE,FALSE
"Gobius niger",126892,TRUE,TRUE,FALSE,FALSE,FALSE
"Symphodus melops",273571,TRUE,FALSE,FALSE,FALSE,FALSE
"Gasterosteus aculeatus",126505,TRUE,TRUE,TRUE,FALSE,FALSE
"Symphodus bailloni",273566,TRUE,FALSE,FALSE,FALSE,FALSE
"Perca fluviatilis",151353,FALSE,TRUE,TRUE,FALSE,TRUE
"Symphodus tinca",273575,TRUE,TRUE,FALSE,FALSE,FALSE
"Diplodus vulgaris",127054,TRUE,FALSE,FALSE,FALSE,FALSE
"Chelon saliens",1042832,TRUE,TRUE,FALSE,FALSE,FALSE
"Gobius cobitis",126886,TRUE,TRUE,FALSE,FALSE,FALSE
"Patella caerulea",140677,TRUE,FALSE,FALSE,FALSE,FALSE
"Thalassoma pavo",126970,TRUE,FALSE,FALSE,FALSE,FALSE
"Salmo salar",127186,TRUE,TRUE,TRUE,FALSE,FALSE
"Platynereis dumerilii",130417,TRUE,FALSE,FALSE,FALSE,FALSE
"Liposcelis bostrychophila",NA,NA,NA,NA,NA,NA
"Paracentrotus lividus",124316,TRUE,FALSE,FALSE,FALSE,FALSE
"Scomber scombrus",127023,TRUE,TRUE,FALSE,FALSE,FALSE
"Raja brachyura",367297,TRUE,FALSE,FALSE,FALSE,FALSE
"Watersipora subatra",816025,TRUE,FALSE,FALSE,FALSE,FALSE
"Pomatoschistus minutus",126928,TRUE,TRUE,FALSE,FALSE,FALSE
"Belone belone",126375,TRUE,TRUE,FALSE,FALSE,FALSE
"Melarhaphe neritoides",140266,TRUE,NA,NA,NA,FALSE
"Pollicipes pollicipes",106177,TRUE,FALSE,FALSE,FALSE,FALSE
"Chelon auratus",1044127,TRUE,TRUE,TRUE,FALSE,FALSE
"Patella ulyssiponensis",140684,TRUE,NA,NA,NA,FALSE
"Oedalechilus labeo",126984,TRUE,TRUE,FALSE,FALSE,FALSE
"Trisopterus minutus",126446,TRUE,FALSE,FALSE,FALSE,FALSE
"Parablennius gattorugine",126770,TRUE,FALSE,FALSE,FALSE,FALSE
"Balanus trigonus",106223,TRUE,NA,NA,NA,FALSE
"Trisopterus luscus",126445,TRUE,TRUE,FALSE,FALSE,FALSE
"Amathia verticillata",851581,TRUE,FALSE,FALSE,FALSE,FALSE
"Mugil cephalus",126983,TRUE,TRUE,TRUE,FALSE,FALSE
"Eriphia verrucosa",107409,TRUE,FALSE,FALSE,FALSE,FALSE
"Engraulis encrasicolus",126426,TRUE,TRUE,FALSE,FALSE,FALSE
"Sardina pilchardus",126421,TRUE,TRUE,TRUE,FALSE,FALSE
"Carcinus maenas",107381,TRUE,TRUE,FALSE,FALSE,FALSE
"Aurelia aurita",135306,TRUE,NA,FALSE,FALSE,FALSE
"Tritia incrassata",876825,TRUE,NA,NA,NA,FALSE
"Holothuria poli",732380,TRUE,FALSE,FALSE,FALSE,FALSE
"Physella acuta",NA,NA,NA,NA,NA,NA
"Merluccius merluccius",126484,TRUE,FALSE,FALSE,FALSE,FALSE
"Pomatoschistus pictus",126930,TRUE,FALSE,FALSE,FALSE,FALSE
"Scrobicularia plana",141424,TRUE,NA,NA,NA,FALSE
"Scophthalmus maximus",127149,TRUE,TRUE,FALSE,FALSE,FALSE
"Ctenolabrus rupestris",126964,TRUE,FALSE,FALSE,FALSE,FALSE
"Lipophrys pholis",126768,TRUE,FALSE,FALSE,FALSE,FALSE
"Dicentrarchus punctatus",126976,TRUE,TRUE,FALSE,FALSE,FALSE
"Chaetopterus variopedatus",129914,TRUE,FALSE,FALSE,FALSE,FALSE
"Boccardiella hamata",333121,TRUE,FALSE,FALSE,FALSE,FALSE
"Columbella rustica",139196,TRUE,NA,NA,NA,FALSE
"Membranipora membranacea",111411,TRUE,FALSE,FALSE,FALSE,FALSE
"Myliobatis aquila",105860,TRUE,TRUE,FALSE,FALSE,FALSE
"Conger conger",126285,TRUE,FALSE,FALSE,FALSE,FALSE
"Scorpaena porcus",127247,TRUE,FALSE,FALSE,FALSE,FALSE
"Seriola dumerili",126816,TRUE,FALSE,FALSE,FALSE,FALSE
"Spondyliosoma cantharus",127066,TRUE,FALSE,FALSE,FALSE,FALSE
"Dosidicus gigas",342291,TRUE,FALSE,FALSE,FALSE,FALSE
"Liposcelis decolor",NA,NA,NA,NA,NA,NA
"Ensis leei",876640,TRUE,NA,NA,NA,FALSE
"Aplysia vaccaria",568031,TRUE,NA,FALSE,FALSE,FALSE
"Xiphias gladius",127094,TRUE,FALSE,FALSE,FALSE,FALSE
"Cyprinus carpio",154582,FALSE,TRUE,TRUE,FALSE,TRUE
"Sparus aurata",151523,TRUE,TRUE,FALSE,FALSE,FALSE
"Micromesistius poutassou",126439,TRUE,FALSE,FALSE,FALSE,FALSE
"Asterias rubens",123776,TRUE,TRUE,FALSE,FALSE,FALSE
"Pagellus erythrinus",127060,TRUE,FALSE,FALSE,FALSE,FALSE
"Lepidoglyphus destructor",NA,NA,NA,NA,NA,NA
"Conopeum reticulum",111351,TRUE,FALSE,FALSE,FALSE,FALSE
"Dicentrarchus labrax",126975,TRUE,TRUE,TRUE,FALSE,FALSE
"Octopus vulgaris",140605,TRUE,NA,FALSE,FALSE,FALSE
"Aphia minuta",126868,TRUE,TRUE,FALSE,FALSE,FALSE
"Littorina littorea",140262,TRUE,FALSE,FALSE,FALSE,FALSE
"Nerophis lumbriciformis",127383,TRUE,FALSE,FALSE,FALSE,FALSE
"Neogobius melanostomus",126916,TRUE,TRUE,TRUE,FALSE,FALSE
"Echinocardium cordatum",124392,TRUE,FALSE,FALSE,FALSE,FALSE
"Pterois miles",218077,TRUE,FALSE,FALSE,FALSE,FALSE
"Pomatoschistus microps",126927,TRUE,TRUE,TRUE,FALSE,FALSE
"Abramis brama",154281,FALSE,TRUE,TRUE,FALSE,TRUE
"Raniceps raninus",126442,TRUE,TRUE,FALSE,FALSE,FALSE
"Scyliorhinus canicula",105814,TRUE,FALSE,FALSE,FALSE,FALSE
"Syngnathus typhle",127393,TRUE,TRUE,FALSE,FALSE,FALSE
"Gymnocephalus cernua",405451,FALSE,TRUE,TRUE,FALSE,TRUE
"Elysia viridis",139686,TRUE,NA,NA,NA,FALSE
"Fredericella sultana",NA,NA,NA,NA,NA,NA
"Coryphoblennius galerita",126762,TRUE,FALSE,FALSE,FALSE,FALSE
"Marthasterias glacialis",123803,TRUE,FALSE,FALSE,FALSE,FALSE
"Patella vulgata",140685,TRUE,NA,NA,NA,FALSE
"Solea solea",127160,TRUE,TRUE,FALSE,FALSE,FALSE
"Gobius paganellus",126893,TRUE,TRUE,TRUE,FALSE,FALSE
"Caranx crysos",126802,TRUE,TRUE,FALSE,FALSE,FALSE
"Pagellus bogaraveo",127059,TRUE,FALSE,FALSE,FALSE,FALSE
"Astropecten platyacanthus",123876,TRUE,FALSE,FALSE,FALSE,FALSE
"Chydorus sphaericus",148406,TRUE,TRUE,TRUE,FALSE,FALSE
"Owenia fusiformis",130544,TRUE,FALSE,FALSE,FALSE,FALSE
"Taurulus bubalis",127204,TRUE,TRUE,FALSE,FALSE,FALSE
"Lepadogaster candolii",272526,TRUE,FALSE,FALSE,FALSE,FALSE
"Potamopyrgus antipodarum",147123,FALSE,TRUE,TRUE,FALSE,TRUE
"Astropecten irregularis",123867,TRUE,FALSE,FALSE,FALSE,FALSE
"Gobiusculus flavescens",126898,TRUE,TRUE,FALSE,FALSE,FALSE
"Arenicola marina",129868,TRUE,FALSE,FALSE,FALSE,FALSE
"Tripterygion delaisi",127090,TRUE,FALSE,FALSE,FALSE,FALSE
"Cyclopterus lumpus",127214,TRUE,FALSE,FALSE,FALSE,FALSE
"Pholis gunnellus",126996,TRUE,TRUE,FALSE,FALSE,FALSE
"Heptagenia sulphurea",NA,NA,NA,NA,NA,NA
"Juxtacribrilina mutabilis",1059484,TRUE,NA,NA,NA,FALSE
"Alcyonidioides mytili",468026,TRUE,FALSE,FALSE,FALSE,FALSE
"Flustra foliacea",111367,TRUE,FALSE,FALSE,FALSE,FALSE
"Bufo bufo",NA,NA,NA,NA,NA,NA
"Orchesella cincta",NA,NA,NA,NA,NA,NA
"Polyphemus pediculus",409915,FALSE,TRUE,TRUE,FALSE,TRUE
"Patella pellucida",147459,TRUE,FALSE,FALSE,FALSE,FALSE
"Cristatella mucedo",NA,NA,NA,NA,NA,NA
"Ciliata mustela",126448,TRUE,FALSE,FALSE,FALSE,FALSE
"Rhithropanopeus harrisii",107414,TRUE,TRUE,FALSE,FALSE,FALSE
"Luidia sarsii",123922,TRUE,FALSE,FALSE,FALSE,FALSE
"Tripos horridus",837453,TRUE,NA,NA,NA,FALSE
"Mytilopsis leucophaeata",156887,FALSE,TRUE,TRUE,FALSE,TRUE
"Littorina saxatilis",140264,TRUE,TRUE,FALSE,FALSE,FALSE
"Thorogobius ephippiatus",126937,TRUE,FALSE,FALSE,FALSE,FALSE
"Leuctra fusca",NA,NA,NA,NA,NA,NA
"Rutilus rutilus",154333,FALSE,TRUE,TRUE,FALSE,TRUE
"Dasyatis pastinaca",105851,TRUE,TRUE,FALSE,FALSE,FALSE
"Littorina obtusata",140263,TRUE,NA,NA,NA,FALSE
"Caprella mutica",146768,TRUE,FALSE,FALSE,FALSE,FALSE
"Semibalanus balanoides",106210,TRUE,NA,NA,NA,FALSE
"Nucella lapillus",140403,TRUE,NA,FALSE,FALSE,FALSE
"Torpedo marmorata",271684,TRUE,TRUE,FALSE,FALSE,FALSE
"Buccinum undatum",138878,TRUE,FALSE,FALSE,FALSE,FALSE
"Dreissena polymorpha",181566,FALSE,TRUE,TRUE,FALSE,TRUE
"Gymnothorax unicolor",126301,TRUE,FALSE,FALSE,FALSE,FALSE
"Pteragogus trispilus",835084,TRUE,FALSE,FALSE,FALSE,FALSE
"Knipowitschia caucasica",126899,TRUE,TRUE,TRUE,FALSE,FALSE
"Artemia urmiana",NA,NA,NA,NA,NA,NA
"Lelliottia amnigena",NA,NA,NA,NA,NA,NA
"Eriocheir japonica",444767,TRUE,TRUE,TRUE,FALSE,FALSE
"Proterorhinus semilunaris",1022561,FALSE,TRUE,TRUE,FALSE,TRUE
"Cradoscrupocellaria reptans",738997,TRUE,FALSE,FALSE,FALSE,FALSE
"Ciliata septentrionalis",126449,TRUE,TRUE,FALSE,FALSE,FALSE
"Atherina hepsetus",272028,TRUE,TRUE,TRUE,FALSE,FALSE
"Atherina boyeri",272027,TRUE,TRUE,TRUE,FALSE,FALSE
"Stramonita haemastoma",140417,TRUE,NA,NA,NA,FALSE
"Ischnochiton rissoi",848021,TRUE,FALSE,FALSE,FALSE,FALSE
"Arbacia lixula",124249,TRUE,FALSE,FALSE,FALSE,FALSE
"Hymeniacidon sinapium",165916,TRUE,FALSE,FALSE,FALSE,FALSE
"Diplodus puntazzo",127052,TRUE,TRUE,FALSE,FALSE,FALSE
"Symphodus cinereus",273567,TRUE,TRUE,FALSE,FALSE,FALSE
"Mullus surmuletus",126986,TRUE,FALSE,FALSE,FALSE,FALSE
"Loripes lacteus",140281,TRUE,NA,NA,NA,FALSE
"Symphodus ocellatus",273572,TRUE,FALSE,FALSE,FALSE,FALSE
"Amphibalanus amphitrite",421137,TRUE,NA,NA,NA,FALSE
"Scartella cristata",126782,TRUE,FALSE,FALSE,FALSE,FALSE
"Pagellus acarne",127057,TRUE,FALSE,FALSE,FALSE,FALSE
"Astropecten spinulosus",123878,TRUE,FALSE,FALSE,FALSE,FALSE
"Tursiops truncatus",137111,TRUE,TRUE,NA,FALSE,FALSE
"Brachionus calyciflorus",134980,NA,TRUE,TRUE,NA,FALSE
"Epinephelus marginatus",127036,TRUE,FALSE,FALSE,FALSE,FALSE
"Lagocephalus sceleratus",219954,TRUE,FALSE,FALSE,FALSE,FALSE
"Raja miraletus",105886,TRUE,TRUE,FALSE,FALSE,FALSE
"Astropecten aranciacus",123856,TRUE,FALSE,FALSE,FALSE,FALSE
"Citrobacter meridianamericanus",NA,NA,NA,NA,NA,NA
"Diaphus metopoclampus",126594,TRUE,FALSE,FALSE,FALSE,FALSE
"Rostroraja alba",105896,TRUE,FALSE,FALSE,FALSE,FALSE
"Oshurkovia littoralis",146830,TRUE,FALSE,FALSE,FALSE,FALSE
"Anthias anthias",127031,TRUE,FALSE,FALSE,FALSE,FALSE
"Hemigrapsus penicillatus",107454,TRUE,TRUE,FALSE,FALSE,FALSE
"Anodonta anatina",881461,FALSE,TRUE,TRUE,FALSE,TRUE
"Callopora lineata",111197,TRUE,FALSE,FALSE,FALSE,FALSE
"Amathia tertia",851603,TRUE,FALSE,FALSE,FALSE,FALSE
"Muraena helena",126303,TRUE,FALSE,FALSE,FALSE,FALSE
"Fistularia commersonii",217966,TRUE,FALSE,FALSE,FALSE,FALSE
"Leuciscus aspius",1015724,FALSE,TRUE,TRUE,FALSE,TRUE
"Pegusa lascaris",127156,TRUE,TRUE,FALSE,FALSE,FALSE
"Parupeneus margaritatus",277818,TRUE,FALSE,FALSE,FALSE,FALSE
"Gobiosoma bosc",159767,TRUE,TRUE,FALSE,FALSE,FALSE
"Lampanyctus pusillus",126619,TRUE,FALSE,FALSE,FALSE,FALSE
"Calliostoma zizyphinum",141767,TRUE,FALSE,FALSE,FALSE,FALSE
"Phorcus turbinatus",689179,TRUE,NA,NA,NA,FALSE
"Diaphus rafinesquii",126596,TRUE,FALSE,FALSE,FALSE,FALSE
"Lepidonotus clava",130800,TRUE,FALSE,FALSE,FALSE,FALSE
"Caenis robusta",NA,NA,NA,NA,NA,NA
"Silurus glanis",154677,FALSE,TRUE,TRUE,FALSE,TRUE
"Tinca tinca",154343,FALSE,TRUE,TRUE,FALSE,TRUE
"Osmerus eperlanus",126736,TRUE,TRUE,TRUE,FALSE,FALSE
"Unio tumidus",NA,NA,NA,NA,NA,NA
"Syngnathus rostellatus",127389,TRUE,TRUE,FALSE,FALSE,FALSE
"Chlorophthalmus agassizi",126336,TRUE,TRUE,FALSE,FALSE,FALSE
"Lepidorhombus whiffiagonis",127146,TRUE,FALSE,FALSE,FALSE,FALSE
"Serranus cabrilla",127041,TRUE,FALSE,FALSE,FALSE,FALSE
"Ceratoscopelus maderensis",126585,TRUE,FALSE,FALSE,FALSE,FALSE
"Sipunculus nudus",424084,TRUE,FALSE,FALSE,FALSE,FALSE
"Plagioecia patina",111719,TRUE,FALSE,FALSE,FALSE,FALSE
"Coryphaena hippurus",126846,TRUE,TRUE,FALSE,FALSE,FALSE
"Astropecten bispinosus",123859,TRUE,FALSE,FALSE,FALSE,FALSE
"Pelagia noctiluca",135305,TRUE,NA,FALSE,FALSE,FALSE
"Maja crispata",107348,TRUE,FALSE,FALSE,FALSE,FALSE
"Prionace glauca",105801,TRUE,TRUE,FALSE,FALSE,FALSE
"Conus ventricosus",428401,TRUE,NA,NA,NA,FALSE
"Lithophaga lithophaga",140459,TRUE,NA,NA,NA,FALSE
"Capros aper",127419,TRUE,FALSE,FALSE,FALSE,FALSE
"Holothuria forskali",1670329,TRUE,NA,FALSE,FALSE,FALSE
"Cotylorhiza tuberculata",135297,TRUE,NA,FALSE,FALSE,FALSE
"Felimida luteorosea",597403,TRUE,NA,NA,NA,FALSE
"Trachinotus ovatus",126819,TRUE,TRUE,FALSE,FALSE,FALSE
"Alteromonas ulvae",NA,NA,NA,NA,NA,NA
"Xyrichtys novacula",126971,TRUE,FALSE,FALSE,FALSE,FALSE
"Clinitrachus argentatus",126844,TRUE,FALSE,FALSE,FALSE,FALSE
"Scophthalmus rhombus",127150,TRUE,FALSE,FALSE,FALSE,FALSE
"Acanthochitona fascicularis",138677,TRUE,NA,FALSE,FALSE,FALSE
"Lesueurigobius friesii",126904,TRUE,FALSE,FALSE,FALSE,FALSE
"Tarantinaea lignaria",607879,TRUE,FALSE,FALSE,FALSE,FALSE
"Prionospio dubia",131155,TRUE,FALSE,FALSE,FALSE,FALSE
"Tritia unifasciata",876852,TRUE,NA,NA,NA,FALSE
"Sicydium altum",NA,NA,NA,NA,NA,NA
"Trisopterus esmarkii",126444,TRUE,FALSE,FALSE,FALSE,FALSE
"Oxyurichthys papuensis",126921,TRUE,TRUE,FALSE,FALSE,FALSE
"Caretta caretta",137205,TRUE,NA,NA,NA,FALSE
"Cyclothone braueri",127284,TRUE,FALSE,FALSE,FALSE,FALSE
"Planktomarina temperata",NA,NA,NA,NA,NA,NA
"Arion flagellus",NA,NA,NA,NA,NA,NA
"Flustrellidra hispida",111621,TRUE,FALSE,FALSE,FALSE,FALSE
"Ichthyococcus elongatus",274952,TRUE,FALSE,FALSE,FALSE,FALSE
"Mitra cornicula",590519,TRUE,FALSE,FALSE,FALSE,FALSE
"Vibrio crassostreae",570755,TRUE,NA,FALSE,FALSE,FALSE
"Tolumonas auensis",NA,NA,NA,NA,NA,NA
"Syltodinium listii",110283,TRUE,NA,NA,NA,FALSE
"Pseudendoclonium incrustans",NA,NA,NA,NA,NA,NA
"Minutocellus polymorphus",464449,TRUE,NA,NA,FALSE,FALSE
"Oxyrrhis marina",109902,TRUE,TRUE,NA,FALSE,FALSE
"Paraphysomonas hebetispina",NA,NA,NA,NA,NA,NA
"Euduboscquella triangula",NA,NA,NA,NA,NA,NA
"Antetintinnidium mucicola",1800184,TRUE,NA,FALSE,FALSE,FALSE
"Mesanophrys carcini",427050,TRUE,FALSE,FALSE,FALSE,FALSE
"Hexamita nelsoni",NA,NA,NA,NA,NA,NA
"Labyrinthula terrestris",NA,NA,NA,NA,NA,NA
"Gymnodinium impudicum",232785,TRUE,NA,NA,NA,FALSE
"Gonothyraea loveni",117377,TRUE,NA,NA,FALSE,FALSE
"Licmophora abbreviata",157062,TRUE,NA,NA,FALSE,FALSE
"Pylaiella littoralis",157188,TRUE,TRUE,TRUE,NA,FALSE
"Anisolpidium rosenvingei",172252,TRUE,NA,NA,NA,FALSE
"Ephelota truncata",427253,TRUE,FALSE,FALSE,FALSE,FALSE
"Ficopomatus enigmaticus",130988,TRUE,TRUE,TRUE,FALSE,FALSE
"Monorhizochytrium globosum",NA,NA,NA,NA,NA,NA
"Acineta flava",NA,NA,NA,NA,NA,NA
"Notomastus latericeus",129898,TRUE,FALSE,FALSE,FALSE,FALSE
"Sourniaea diacantha",1760858,TRUE,NA,NA,NA,FALSE
"Obelia geniculata",117388,TRUE,NA,NA,FALSE,FALSE
"Aegilops tauschii",NA,NA,NA,NA,NA,NA
"Oncorhynchus kisutch",127184,TRUE,TRUE,TRUE,FALSE,FALSE
"Chaetoceros teres",149125,TRUE,NA,NA,FALSE,FALSE
"Astericola clausii",349022,TRUE,FALSE,FALSE,FALSE,FALSE
"Plagioselmis prolonga",106303,TRUE,NA,NA,NA,FALSE
"Glauconema trihymene",427062,TRUE,FALSE,FALSE,FALSE,FALSE
"Blidingia minima",145950,TRUE,TRUE,NA,NA,FALSE
"Gyrodinium jinhaense",1780432,TRUE,FALSE,FALSE,FALSE,FALSE
"Hydractinia symbiolongicarpus",284904,TRUE,NA,NA,FALSE,FALSE
"Licmophora flabellata",157064,TRUE,FALSE,FALSE,FALSE,FALSE
"Centropages typicus",104499,TRUE,FALSE,FALSE,FALSE,FALSE
"Bacteriastrum jadranum",764850,TRUE,NA,NA,FALSE,FALSE
"Prosthiostomum siphunculus",142842,TRUE,NA,NA,NA,FALSE
"Litoditis marina",760681,TRUE,TRUE,TRUE,FALSE,FALSE
"Chaetoceros diadema",149128,TRUE,NA,NA,FALSE,FALSE
"Acartia clausii",416523,TRUE,NA,NA,NA,FALSE
"Tripos macroceros",841260,TRUE,NA,NA,NA,FALSE
"Obelia dichotoma",117386,TRUE,FALSE,FALSE,FALSE,FALSE
"Isias clavipes",104501,TRUE,FALSE,FALSE,FALSE,FALSE
"Strombidinopsis acuminata",101350,TRUE,FALSE,FALSE,FALSE,FALSE
"Annulonemertes minusculus",122811,TRUE,NA,NA,NA,FALSE
"Ameira scotti",115525,TRUE,FALSE,FALSE,FALSE,FALSE
"Thraustochytrium kinnei",119121,TRUE,NA,NA,NA,FALSE
"Laodicea undulata",117725,TRUE,FALSE,FALSE,FALSE,FALSE
"Clytia hemisphaerica",117368,TRUE,FALSE,FALSE,FALSE,FALSE
"Mediolabrus comicus",1728736,NA,TRUE,NA,NA,FALSE
"Grammatodinium tongyeonginum",1306117,TRUE,NA,NA,NA,FALSE
"Heterohartmannula fangi",NA,NA,NA,NA,NA,NA
"Hesionura elongata",130649,TRUE,FALSE,FALSE,FALSE,FALSE
"Fallopia convolvulus",NA,NA,NA,NA,NA,NA
"Dysteria derouxi",388764,TRUE,FALSE,FALSE,FALSE,FALSE
"Paraphysomonas foraminifera",428752,TRUE,NA,NA,NA,FALSE
"Striatella unipunctata",149177,TRUE,NA,FALSE,FALSE,FALSE
"Limaria hians",140235,TRUE,NA,NA,NA,FALSE
"Protodrilus pythonius",744904,TRUE,NA,NA,NA,FALSE
"Aegyriana oliva",427205,TRUE,FALSE,FALSE,FALSE,FALSE
"Crisia denticulata",111695,TRUE,FALSE,FALSE,FALSE,FALSE
"Pleurosigma planctonicum",231883,TRUE,NA,NA,NA,FALSE
"Bacillaria paxillifer",149149,TRUE,NA,NA,NA,FALSE
"Hydroides elegans",131002,TRUE,FALSE,FALSE,FALSE,FALSE
"Navicula perminuta",172731,TRUE,FALSE,TRUE,FALSE,FALSE
"Dinovorax pyriformis",1731853,TRUE,NA,NA,NA,FALSE
"Hypocoma acinetarum",134896,TRUE,FALSE,FALSE,FALSE,FALSE
"Tintinnopsis parvula",417153,TRUE,NA,FALSE,FALSE,FALSE
"Chaetoceros costatus",149289,TRUE,NA,NA,FALSE,FALSE
"Aspidisca steini",417106,TRUE,FALSE,FALSE,FALSE,FALSE
"Acartia tonsa",104262,TRUE,FALSE,FALSE,FALSE,FALSE
"Dasybranchus caducus",129881,TRUE,FALSE,FALSE,FALSE,FALSE
"Hiatella arctica",140103,TRUE,NA,FALSE,FALSE,FALSE
"Laackmanniella prolongata",723498,TRUE,FALSE,FALSE,FALSE,FALSE
"Melosira dubia",149243,TRUE,TRUE,NA,FALSE,FALSE
"Ebria tripartita",118051,TRUE,TRUE,NA,FALSE,FALSE
"Chaetoceros didymus",149122,TRUE,NA,NA,FALSE,FALSE
"Acineta tuberosa",172366,TRUE,FALSE,FALSE,FALSE,FALSE
"Protoperidinium claudicans",163862,TRUE,NA,NA,FALSE,FALSE
"Lecudina tuzetae",563127,TRUE,FALSE,FALSE,FALSE,FALSE
"Bacteriastrum hyalinum",149119,TRUE,NA,NA,FALSE,FALSE
"Ercolania felina",494665,TRUE,FALSE,FALSE,FALSE,FALSE
"Chytriodinium roseum",547713,TRUE,NA,NA,NA,FALSE
"Heterosigma akashiwo",160585,TRUE,NA,NA,NA,FALSE
"Barentsia benedeni",111800,TRUE,TRUE,FALSE,FALSE,FALSE
"Rhaphoneis amphiceros",149066,TRUE,NA,TRUE,FALSE,FALSE
"Noctiluca scintillans",109921,TRUE,NA,FALSE,FALSE,FALSE
"Chaetoceros willei",156625,TRUE,NA,NA,FALSE,FALSE
"Spirorbis tridentatus",131238,TRUE,FALSE,FALSE,FALSE,FALSE
"Biecheleriopsis adriatica",837989,TRUE,NA,NA,NA,FALSE
"Thalassiosira delicatula",345533,TRUE,NA,NA,FALSE,FALSE
"Blidingia dawsonii",376936,TRUE,NA,NA,NA,FALSE
"Pyramimonas formosa",495344,TRUE,NA,NA,NA,FALSE
"Paralia sulcata",149055,TRUE,FALSE,TRUE,FALSE,FALSE
"Polykrikos kofoidii",109899,TRUE,TRUE,NA,FALSE,FALSE
"Apoglossum ruscifolium",144737,TRUE,NA,NA,NA,FALSE
"Lessardia elongata",232703,TRUE,NA,NA,NA,FALSE
"Microglena uva-maris",837860,TRUE,NA,NA,NA,FALSE
"Pseudendoclonium fucicola",156368,TRUE,NA,NA,NA,FALSE
"Diophrys oligothrix",341638,TRUE,FALSE,FALSE,FALSE,FALSE
"Ceramium diaphanum",144546,TRUE,NA,NA,NA,FALSE
"Tubulipora lobifera",111761,TRUE,FALSE,FALSE,FALSE,FALSE
"Edaphochloris andreyevii",NA,NA,NA,NA,NA,NA
"Phymatolithon lenormandii",145202,TRUE,NA,NA,NA,FALSE
"Convoluta convoluta",142602,TRUE,NA,NA,NA,FALSE
"Parvicardium exiguum",139008,TRUE,FALSE,FALSE,FALSE,FALSE
"Opercularella lacerata",117413,TRUE,NA,NA,FALSE,FALSE
"Einhornia crustulenta",467577,TRUE,FALSE,FALSE,FALSE,FALSE
"Chelonicola caribeana",NA,NA,NA,NA,NA,NA
"Thalassiosira hispida",625490,TRUE,NA,NA,FALSE,FALSE
"Ulvella leptochaete",732246,TRUE,NA,NA,NA,FALSE
"Vermiliopsis striaticeps",131061,TRUE,NA,NA,NA,FALSE
"Wilbertomorpha colpoda",NA,NA,NA,NA,NA,NA
"Corbicula fluminea",NA,FALSE,NA,TRUE,NA,TRUE
"Vertebrata lanosa",475211,TRUE,NA,NA,NA,FALSE
"Pista cristata",131516,TRUE,FALSE,FALSE,FALSE,FALSE
"Myxophyllum magnum",427077,TRUE,FALSE,FALSE,FALSE,FALSE
"Chaetoceros throndsenii",163137,TRUE,NA,NA,FALSE,FALSE
"Tubulanus annulatus",122626,TRUE,NA,NA,NA,FALSE
"Eutintinnus tubulosus",417222,TRUE,FALSE,FALSE,FALSE,FALSE
"Phaeophila dendroides",145778,TRUE,NA,NA,NA,FALSE
"Fulvia mutica",605735,TRUE,FALSE,FALSE,FALSE,FALSE
"Gastroclonium pacificum",372280,TRUE,NA,NA,NA,FALSE
"Spinosphaera hutchingsae",332039,TRUE,FALSE,FALSE,FALSE,FALSE
"Rimostrombidium veniliae",101219,TRUE,FALSE,FALSE,FALSE,FALSE
"Strombidium conicum",101289,TRUE,FALSE,FALSE,FALSE,FALSE
"Spiniferites mirabilis",NA,NA,NA,NA,NA,NA
"Eutintinnus tenuis",417221,TRUE,FALSE,FALSE,FALSE,FALSE
"Actinocyclus curvatulus",345847,TRUE,NA,NA,NA,FALSE
"Pseudodiaptomus marinus",360352,TRUE,TRUE,FALSE,FALSE,FALSE
"Margalefidinium polykrikoides",990876,TRUE,NA,NA,NA,FALSE
"Metacylis joergenseni",NA,NA,NA,NA,NA,NA
"Spirorbis spirorbis",131237,TRUE,NA,NA,FALSE,FALSE
"Canuella perplexa",115723,TRUE,FALSE,FALSE,FALSE,FALSE
"Chaetoceros diversus",157431,TRUE,NA,NA,FALSE,FALSE
"Bacteriastrum elegans",418486,TRUE,NA,NA,FALSE,FALSE
"Chelonaplysilla erecta",132300,TRUE,FALSE,FALSE,FALSE,FALSE
"Fragilidium mexicanum",573696,TRUE,NA,NA,FALSE,FALSE
"Amphitritides gracilis",131480,TRUE,FALSE,FALSE,FALSE,FALSE
"Poecilochaetus serpens",130711,TRUE,FALSE,FALSE,FALSE,FALSE
"Paraplanocera oligoglena",483655,TRUE,NA,NA,NA,FALSE
"Tintinnopsis everta",427414,TRUE,FALSE,FALSE,FALSE,FALSE
"Molgula occidentalis",103790,TRUE,NA,FALSE,FALSE,FALSE
"Amphidinium fijiensis",NA,NA,NA,NA,NA,NA
"Chaetoceros brevis",149291,TRUE,NA,NA,FALSE,FALSE
"Nitzschia amabilis",577636,TRUE,NA,NA,NA,FALSE
"Apokeronopsis sinica",NA,NA,NA,NA,NA,NA
"Hatschekia pagrosomi",352192,TRUE,FALSE,FALSE,FALSE,FALSE
"Tenuicylindrus belgicus",NA,NA,NA,NA,NA,NA
"Acetabularia acetabulum",494795,TRUE,NA,NA,NA,FALSE
"Chaetoceros contortus",149623,TRUE,NA,NA,FALSE,FALSE
"Turbanella cornuta",114692,TRUE,TRUE,FALSE,FALSE,FALSE
"Alitta succinea",234850,TRUE,TRUE,TRUE,FALSE,FALSE
"Spermatozopsis similis",NA,NA,NA,NA,NA,NA
"Parvocaulis parvulus",376334,TRUE,NA,NA,NA,FALSE
"Peyssonnelia rosenvingei",374814,TRUE,NA,NA,NA,FALSE
"Spermatozopsis exsultans",NA,NA,NA,NA,NA,NA
"Dolichomacrostomum uniporum",142735,TRUE,NA,NA,NA,FALSE
"Bysmatrum subsalsum",233840,TRUE,NA,FALSE,FALSE,FALSE
"Chroomonas debatzensis",NA,NA,NA,NA,NA,NA
"Salvatoria limbata",195989,TRUE,FALSE,FALSE,FALSE,FALSE
"Nitzschia capitellata",NA,NA,NA,NA,NA,NA
"Rictus lutensis",NA,NA,NA,NA,NA,NA
"Eutima gracilis",117515,TRUE,FALSE,FALSE,FALSE,FALSE
"Enterobius vermicularis",NA,NA,NA,NA,NA,NA
"Selenidium sabellariae",563188,TRUE,FALSE,FALSE,FALSE,FALSE
"Aetea anguina",111062,TRUE,FALSE,FALSE,FALSE,FALSE
"Desmochloris halophila",577660,TRUE,NA,NA,NA,FALSE
"Clytia noliformis",117372,TRUE,FALSE,FALSE,FALSE,FALSE
"Leucosolenia variabilis",132233,TRUE,FALSE,FALSE,FALSE,FALSE
"Peyssonnelia dubyi",145278,TRUE,NA,NA,NA,FALSE
"Olpidiopsis feldmanni",172204,TRUE,NA,NA,NA,FALSE
"Ataxiodinium choanum",632674,TRUE,NA,NA,NA,FALSE
"Eutintinnus pectinis",417214,TRUE,FALSE,FALSE,FALSE,FALSE
"Polysiphonia sertularioides",144666,TRUE,NA,NA,NA,FALSE
"Myrmekioderma granulatum",166018,TRUE,FALSE,FALSE,FALSE,FALSE
"Hyalosira delicatula",573478,TRUE,NA,NA,FALSE,FALSE
"Lophosiphonia teges",1359371,TRUE,NA,NA,NA,FALSE
"Symsagittifera roscoffensis",484585,TRUE,NA,NA,NA,FALSE
"Spongites fruticulosus",145212,TRUE,NA,NA,NA,FALSE
"Prionospio kirrae",331133,TRUE,FALSE,FALSE,FALSE,FALSE
"Thalassiosira gessneri",NA,NA,NA,NA,NA,NA
"Titanoderma pustulatum",145216,TRUE,NA,NA,NA,FALSE
"Turtonia minuta",141875,TRUE,FALSE,FALSE,FALSE,FALSE
"Polysiphonia anomala",373142,TRUE,NA,NA,NA,FALSE
"Tricolia pullus",141700,TRUE,FALSE,FALSE,FALSE,FALSE
"Protomonostroma undulatum",145946,TRUE,NA,NA,NA,FALSE
"Phymatolithon variabile",1737302,TRUE,NA,NA,NA,FALSE
"Proceraea cornuta",131362,TRUE,FALSE,FALSE,FALSE,FALSE
"Amphicorina ascidicola",598903,TRUE,NA,NA,NA,FALSE
"Nitzschia frigida",175400,TRUE,NA,NA,NA,FALSE
"Irvinea ardreana",145849,TRUE,NA,NA,NA,FALSE
"Phymatolithon lamii",145201,TRUE,NA,NA,NA,FALSE
"Aurila disparata",461354,TRUE,NA,FALSE,FALSE,FALSE
"Kirchenpaueria pinnata",117674,TRUE,NA,NA,FALSE,FALSE
"Zoothamnium apoarbuscula",NA,NA,NA,NA,NA,NA
"Nereimyra punctata",130185,TRUE,FALSE,FALSE,FALSE,FALSE
"Pseudocalanus moultoni",157678,TRUE,FALSE,FALSE,FALSE,FALSE
"Chelonemonas dolani",NA,NA,NA,NA,NA,NA
"Eupolymnia nesidensis",131490,TRUE,FALSE,FALSE,FALSE,FALSE
"Cobanocythere japonica",778063,TRUE,NA,FALSE,FALSE,FALSE
"Caloneis amphisbaena",149489,TRUE,TRUE,TRUE,FALSE,FALSE
"Cryptomonas ovata",155554,FALSE,TRUE,TRUE,FALSE,TRUE
"Heteromastus filiformis",129884,TRUE,FALSE,TRUE,FALSE,FALSE
"Halichaetonotus paradoxus",114520,TRUE,FALSE,FALSE,FALSE,FALSE
"Mucochytrium quahogii",NA,NA,NA,NA,NA,NA
"Bacteriastrum mediterraneum",418487,TRUE,NA,NA,FALSE,FALSE
"Enoplolaimus attenuatus",121850,TRUE,NA,NA,NA,FALSE
"Sphaerosyllis pirifera",131392,TRUE,FALSE,FALSE,FALSE,FALSE
"Halecium muricatum",117597,TRUE,FALSE,FALSE,FALSE,FALSE
"Acartia bifilosa",104249,TRUE,FALSE,FALSE,FALSE,FALSE
"Spongoclonium caribaeum",526670,TRUE,NA,NA,NA,FALSE
"Metadesmolaimus aduncus",121569,TRUE,NA,NA,NA,FALSE
"Tintinnopsis dadayi",417147,TRUE,FALSE,FALSE,FALSE,FALSE
"Hyalopale zerofskii",1378158,TRUE,FALSE,FALSE,TRUE,FALSE
"Diurodrilus subterraneus",129996,TRUE,FALSE,FALSE,FALSE,FALSE
"Alsidium seaforthii",650758,TRUE,NA,NA,NA,FALSE
"Spurilla neapolitana",138722,TRUE,NA,NA,NA,FALSE
"Chloroparvula pacifica",1361158,TRUE,NA,NA,NA,FALSE
"Grateloupia turuturu",295880,TRUE,NA,NA,NA,FALSE
"Nucula nitidosa",140589,TRUE,NA,NA,NA,FALSE
"Austrominius modestus",712167,TRUE,NA,NA,NA,FALSE
"Phaeocystis globosa",160538,TRUE,NA,NA,NA,FALSE
"Halichondria panicea",132627,TRUE,FALSE,FALSE,FALSE,FALSE
"Octactis speculum",1310442,TRUE,NA,NA,NA,FALSE
"Scolelepis squamata",131177,TRUE,FALSE,FALSE,FALSE,FALSE
"Parvamoeba rugata",120633,TRUE,NA,NA,NA,FALSE
"Thalassionema nitzschioides",149093,TRUE,NA,TRUE,FALSE,FALSE
"Paracalanus parvus",104685,TRUE,TRUE,FALSE,FALSE,FALSE
"Pseudopolydora paucibranchiata",131168,TRUE,FALSE,TRUE,FALSE,FALSE
"Leuckartiara octona",117791,TRUE,NA,NA,FALSE,FALSE
"Clausocalanus furcatus",104503,TRUE,FALSE,FALSE,FALSE,FALSE
"Synchaeta triophthalma",135066,TRUE,TRUE,NA,NA,FALSE
"Skeletonema potamos",163390,TRUE,FALSE,TRUE,FALSE,FALSE
"Bougainvillia muscus",117328,TRUE,FALSE,FALSE,FALSE,FALSE
"Pseudo-nitzschia pungens",160528,TRUE,NA,NA,FALSE,FALSE
"Verruca stroemia",106257,TRUE,NA,NA,NA,FALSE
"Campanularia hincksii",117364,TRUE,NA,NA,FALSE,FALSE
"Pseudochattonella farcimen",531467,TRUE,NA,NA,NA,FALSE
"Eucampia zodiacus",149131,TRUE,NA,FALSE,FALSE,FALSE
"Pseudo-nitzschia abrensis",832130,TRUE,NA,NA,FALSE,FALSE
"Clausocalanus pergens",104509,TRUE,FALSE,FALSE,FALSE,FALSE
"Malacoceros fuliginosus",131131,TRUE,FALSE,FALSE,FALSE,FALSE
"Tricellaria inopinata",111254,TRUE,FALSE,FALSE,FALSE,FALSE
"Hymeniacidon perlevis",132663,TRUE,FALSE,FALSE,FALSE,FALSE
"Pseudo-nitzschia multistriata",246608,TRUE,NA,NA,FALSE,FALSE
"Oithona similis",106656,TRUE,TRUE,TRUE,FALSE,FALSE
"Jorunna tomentosa",140166,TRUE,NA,NA,NA,FALSE
"Bugula neritina",111158,TRUE,FALSE,FALSE,FALSE,FALSE
"Pelagomonas calceolata",345504,TRUE,NA,NA,NA,FALSE
"Magelona johnstoni",130269,TRUE,FALSE,FALSE,FALSE,FALSE
"Sundstroemia setigera",1590706,TRUE,NA,NA,NA,FALSE
"Coscinodiscus granii",149271,TRUE,NA,NA,FALSE,FALSE
"Eulalia ornata",130632,TRUE,FALSE,FALSE,FALSE,FALSE
"Ascidia ahodori",249965,TRUE,NA,FALSE,FALSE,FALSE
"Bathycoccus prasinos",345459,TRUE,NA,NA,NA,FALSE
"Trieres chinensis",NA,NA,NA,NA,NA,NA
"Asterionellopsis lenisilicea",NA,NA,NA,NA,NA,NA
"Zygomolgus dentatus",362388,TRUE,FALSE,FALSE,FALSE,FALSE
"Ditylum brightwellii",149023,TRUE,NA,NA,FALSE,FALSE
"Haliclona cinerea",231816,TRUE,FALSE,FALSE,FALSE,FALSE
"Thalassiosira pseudonana",148934,TRUE,FALSE,TRUE,FALSE,FALSE
"Sulcospira paludiformis",NA,NA,NA,NA,NA,NA
"Amphibalanus improvisus",421139,TRUE,NA,NA,NA,FALSE
"Phoronis hippocrepia",128548,TRUE,TRUE,NA,NA,FALSE
"Triconia minuta",128960,TRUE,FALSE,FALSE,FALSE,FALSE
"Sabellaria alveolata",130866,TRUE,FALSE,FALSE,FALSE,FALSE
"Favorinus branchialis",139940,TRUE,NA,NA,NA,FALSE
"Micromonas pusilla",134564,TRUE,NA,NA,NA,FALSE
"Bombus terrestris",NA,NA,NA,NA,NA,NA
"Hydrobius fuscipes",NA,NA,NA,NA,NA,NA
"Chthamalus montagui",106230,TRUE,NA,NA,NA,FALSE
"Ectocarpus fasciculatus",145404,TRUE,NA,NA,NA,FALSE
"Leucocryptos marina",119077,TRUE,NA,NA,NA,FALSE
"Subadyte pellucida",130833,TRUE,FALSE,FALSE,FALSE,FALSE
"Metridium senile",100982,TRUE,NA,NA,FALSE,FALSE
"Cladosporium sphaerospermum",1415544,TRUE,NA,NA,NA,FALSE
"Nephtys hombergii",130359,TRUE,FALSE,FALSE,FALSE,FALSE
"Chaetoceros socialis",149123,TRUE,NA,NA,FALSE,FALSE
"Prionospio fallax",131157,TRUE,FALSE,FALSE,FALSE,FALSE
"Rocellaria dubia",505249,TRUE,NA,FALSE,FALSE,FALSE
"Ectopsocus briggsi",NA,NA,NA,NA,NA,NA
"Mastocarpus stellatus",145650,TRUE,NA,NA,NA,FALSE
"Guinardia delicatula",149112,TRUE,NA,NA,FALSE,FALSE
"Stephanopyxis turris",149631,TRUE,NA,NA,FALSE,FALSE
"Thalassiosira nordenskioeldii",148931,TRUE,FALSE,FALSE,FALSE,FALSE
"Paralemanea annulata",NA,NA,NA,NA,NA,NA
"Navicula avium",1288239,TRUE,NA,FALSE,FALSE,FALSE
"Trithemis kirbyi",NA,NA,NA,NA,NA,NA
"Paracalanus quasimodo",354162,TRUE,FALSE,FALSE,FALSE,FALSE
"Sabellaria spinulosa",130867,TRUE,FALSE,FALSE,FALSE,FALSE
"Nitzschia longissima",149150,TRUE,FALSE,TRUE,FALSE,FALSE
"Cobitis atlantica",NA,NA,NA,NA,NA,NA
"Pseudostephanoeca paucicostata",NA,NA,NA,NA,NA,NA
"Hubrechtella dubia",122607,TRUE,NA,NA,NA,FALSE
"Pseudochattonella verruculosa",531446,TRUE,NA,NA,NA,FALSE
"Thalassiosira rotula",148942,TRUE,FALSE,TRUE,FALSE,FALSE
"Cephalothrix rufifrons",122599,TRUE,NA,NA,NA,FALSE
"Oithona nana",106651,TRUE,TRUE,TRUE,FALSE,FALSE
"Paramoeba pemaquidensis",120624,TRUE,NA,NA,NA,FALSE
"Spio decorata",152314,TRUE,FALSE,FALSE,FALSE,FALSE
"Lanice conchilega",131495,TRUE,FALSE,FALSE,FALSE,FALSE
"Sagartiogeton laceratus",100999,TRUE,NA,NA,FALSE,FALSE
"Pseudo-nitzschia plurisecta",832129,TRUE,NA,NA,FALSE,FALSE
"Eucheilota maculata",117535,TRUE,NA,TRUE,FALSE,FALSE
"Teleaulax amphioxeia",106306,TRUE,NA,NA,NA,FALSE
"Akera bullata",138734,TRUE,NA,NA,NA,FALSE
"Skeletonema menzelii",376361,TRUE,NA,NA,FALSE,FALSE
"Clausocalanus paululus",104508,TRUE,FALSE,FALSE,FALSE,FALSE
"Paracalanus indicus",104683,TRUE,FALSE,FALSE,FALSE,FALSE
"Skeletonema pseudocostatum",375916,TRUE,NA,NA,FALSE,FALSE
"Aureococcus anophagefferens",375699,TRUE,NA,NA,NA,FALSE
"Pylaiella washingtoniensis",373984,TRUE,NA,NA,NA,FALSE
"Pleopis polyphemoides",247981,TRUE,TRUE,FALSE,FALSE,FALSE
"Rhodotorula mucilaginosa",987149,TRUE,NA,NA,TRUE,FALSE
"Clava multicornis",117426,TRUE,TRUE,FALSE,FALSE,FALSE
"Tenellia adspersa",141639,TRUE,TRUE,FALSE,FALSE,FALSE
"Oscarella balibaloi",564911,TRUE,FALSE,FALSE,FALSE,FALSE
"Melosira varians",NA,NA,NA,NA,NA,NA
"Bittium reticulatum",139054,TRUE,NA,FALSE,FALSE,FALSE
"Perforatus perforatus",535477,TRUE,NA,NA,NA,FALSE
"Mactra stultorum",140299,TRUE,NA,NA,NA,FALSE
"Seinura italiensis",NA,NA,NA,NA,NA,NA
"Amphilectus fucorum",150225,TRUE,FALSE,FALSE,FALSE,FALSE
"Discostella angainor",NA,NA,NA,NA,NA,NA
"Pseudo-nitzschia americana",478556,TRUE,NA,NA,FALSE,FALSE
"Cyclostephanos dubius",NA,NA,NA,NA,NA,NA
"Phoronis pallida",128551,TRUE,NA,NA,NA,FALSE
"Thalassiosira punctigera",148936,TRUE,NA,NA,FALSE,FALSE
"Jassa marmorata",102433,TRUE,FALSE,FALSE,FALSE,FALSE
"Eunereis longissima",130375,TRUE,FALSE,FALSE,FALSE,FALSE
"Filobasidium floriforme",NA,NA,NA,NA,NA,NA
"Neanthes nubila",334102,TRUE,FALSE,FALSE,FALSE,FALSE
"Thalestris longimana",116619,TRUE,FALSE,FALSE,FALSE,FALSE
"Paracartia grani",104264,TRUE,FALSE,FALSE,FALSE,FALSE
"Chiton olivaceus",1377264,TRUE,NA,NA,NA,FALSE
"Eumida sanguinea",130644,TRUE,FALSE,FALSE,FALSE,FALSE
"Heliconoides inflatus",605965,TRUE,FALSE,FALSE,FALSE,FALSE
"Dynamena pumila",117888,TRUE,FALSE,FALSE,FALSE,FALSE
"Chaetoceros tenuissimus",156623,TRUE,NA,NA,FALSE,FALSE
"Clione limacina",139178,TRUE,NA,NA,NA,FALSE
"Nannochloropsis limnetica",NA,NA,NA,NA,NA,NA
"Acartia margalefi",104258,TRUE,FALSE,FALSE,FALSE,FALSE
"Acartia longiremis",104257,TRUE,FALSE,FALSE,FALSE,FALSE
"Pseudo-nitzschia delicatissima",149153,TRUE,NA,NA,FALSE,FALSE
"Acartia hudsonica",157664,TRUE,FALSE,FALSE,FALSE,FALSE
"Bifurcaria bifurcata",145503,TRUE,NA,NA,NA,FALSE
"Thalassiosira profunda",577742,TRUE,FALSE,FALSE,FALSE,FALSE
"Trichogloeopsis pedicellata",145766,TRUE,NA,NA,NA,FALSE
"Lithodesmium undulatum",149322,TRUE,NA,NA,FALSE,FALSE
"Aglantha digitale",117849,TRUE,NA,FALSE,FALSE,FALSE
"Phyllodoce madeirensis",130677,TRUE,FALSE,FALSE,FALSE,FALSE
"Oncaea scottodicarloi",128950,TRUE,FALSE,FALSE,FALSE,FALSE
"Synchaeta baltica",135047,TRUE,TRUE,NA,NA,FALSE
"Tachidius discipes",157725,TRUE,TRUE,FALSE,FALSE,FALSE
"Asterionellopsis thurstonii",1669590,TRUE,NA,NA,NA,FALSE
"Steromphala cineraria",1039839,TRUE,NA,NA,NA,FALSE
"Paracalanus nanus",104684,TRUE,FALSE,FALSE,FALSE,FALSE
"Cauloramphus magnus",469300,TRUE,FALSE,FALSE,FALSE,FALSE
"Patella rustica",140683,TRUE,NA,NA,NA,FALSE
"Myrianida edwarsi",238194,TRUE,FALSE,FALSE,FALSE,FALSE
"Centropages hamatus",104496,TRUE,FALSE,FALSE,FALSE,FALSE
"Amphiura chiajei",125073,TRUE,FALSE,FALSE,FALSE,FALSE
"Branchiomma boholense",130877,TRUE,NA,NA,NA,FALSE
"Ophiocten affinis",124850,TRUE,FALSE,FALSE,FALSE,FALSE
"Oithona plumifera",106652,TRUE,TRUE,TRUE,FALSE,FALSE
"Navicula ramosissima",149643,TRUE,NA,NA,NA,FALSE
"Skeletonema dohrnii",489112,TRUE,NA,NA,FALSE,FALSE
"Temora stylifera",104879,TRUE,FALSE,FALSE,FALSE,FALSE
"Metriocnemus albolineatus",NA,NA,NA,NA,NA,NA
"Electra pilosa",1789435,TRUE,FALSE,FALSE,FALSE,FALSE
"Orthopyxis everta",117392,TRUE,NA,NA,FALSE,FALSE
"Ophiura albida",124913,TRUE,TRUE,FALSE,FALSE,FALSE
"Mnemiopsis leidyi",106401,TRUE,TRUE,FALSE,FALSE,FALSE
"Podocorynoides minima",284874,TRUE,FALSE,FALSE,FALSE,FALSE
"Attheya longicornis",464444,TRUE,NA,FALSE,FALSE,FALSE
"Pseudopolydora floridensis",598854,TRUE,TRUE,FALSE,FALSE,FALSE
"Dodecaceria concharum",129967,TRUE,FALSE,FALSE,FALSE,FALSE
"Ophiocomina nigra",125027,TRUE,FALSE,FALSE,FALSE,FALSE
"Schizoporella japonica",470388,TRUE,FALSE,FALSE,FALSE,FALSE
"Bryocladia subtilissima",NA,NA,NA,NA,NA,NA
"Hypogymnia vittata",NA,NA,NA,NA,NA,NA
"Stypopodium schimperi",145391,TRUE,NA,NA,NA,FALSE
"Pholoe baltica",130599,TRUE,FALSE,FALSE,FALSE,FALSE
"Philine denticulata",140750,TRUE,FALSE,FALSE,FALSE,FALSE
"Calocalanus minutus",346221,TRUE,FALSE,FALSE,FALSE,FALSE
"Dasya collinsiana",374974,TRUE,NA,NA,NA,FALSE
"Podosira stelligera",149060,TRUE,NA,NA,FALSE,FALSE
"Parasagitta setosa",105443,TRUE,FALSE,FALSE,FALSE,FALSE
"Dictyosiphon ekmanii",145321,TRUE,NA,NA,NA,FALSE
"Ahnfeltia plicata",144422,TRUE,NA,NA,NA,FALSE
"Polycera quadrilineata",140838,TRUE,NA,NA,NA,FALSE
"Brissopsis lyrifera",124373,TRUE,FALSE,FALSE,FALSE,FALSE
"Agalma elegans",135484,TRUE,FALSE,FALSE,FALSE,FALSE
"Xylophaga dorsalis",141976,TRUE,NA,FALSE,FALSE,FALSE
"Clausocalanus lividus",104505,TRUE,FALSE,FALSE,FALSE,FALSE
"Jania pedunculata",501657,TRUE,NA,NA,NA,FALSE
"Pseudo-nitzschia pseudodelicatissima",156548,TRUE,NA,NA,FALSE,FALSE
"Clanculus cruciatus",141772,TRUE,NA,NA,NA,FALSE
"Fibrocapsa japonica",233761,TRUE,NA,NA,NA,FALSE
"Clausocalanus arcuicornis",104502,TRUE,FALSE,FALSE,FALSE,FALSE
"Calma gobioophaga",181241,TRUE,NA,NA,NA,FALSE
"Eurytemora affinis",104872,TRUE,TRUE,FALSE,FALSE,FALSE
"Nannocalanus minor",104469,TRUE,FALSE,FALSE,FALSE,FALSE
"Naineris setosa",334062,TRUE,FALSE,FALSE,FALSE,FALSE
"Pseudo-nitzschia cuspidata",370512,TRUE,NA,NA,FALSE,FALSE
"Zanclea giancarloi",231662,TRUE,FALSE,FALSE,FALSE,FALSE
"Aglaura hemistoma",117851,TRUE,FALSE,FALSE,FALSE,FALSE
"Leiochone leiopygos",559007,TRUE,NA,NA,NA,FALSE
"Aurelia coerulea",292506,TRUE,FALSE,FALSE,FALSE,FALSE
"Nanomia bijuga",135495,TRUE,FALSE,FALSE,FALSE,FALSE
"Doto cervicenigra",139628,TRUE,NA,NA,NA,FALSE
"Pseudevadne tergestina",106278,TRUE,FALSE,FALSE,FALSE,FALSE
"Guinardia striata",149113,TRUE,NA,NA,FALSE,FALSE
"Penilia avirostris",106272,TRUE,TRUE,TRUE,FALSE,FALSE
"Watersipora subtorquata",111592,TRUE,FALSE,FALSE,FALSE,FALSE
"Haminoea orteai",140077,TRUE,NA,NA,NA,FALSE
"Polydora cornuta",131143,TRUE,FALSE,FALSE,FALSE,FALSE
"Nototeredo knoxi",420994,TRUE,NA,NA,NA,FALSE
"Clytia gracilis",117367,TRUE,FALSE,FALSE,FALSE,FALSE
"Oltmannsiellopsis viridis",526636,TRUE,NA,NA,NA,FALSE
"Chondracanthus acicularis",145623,TRUE,NA,NA,NA,FALSE
"Laurencia microcladia",144825,TRUE,NA,NA,NA,FALSE
"Pandeopsis ikarii",288354,TRUE,NA,NA,FALSE,FALSE
"Tethya citrina",134312,TRUE,FALSE,FALSE,FALSE,FALSE
"Syllis crassicirrata",852359,TRUE,FALSE,FALSE,FALSE,FALSE
"Chamelea striatula",141908,TRUE,NA,NA,NA,FALSE
"Bigelowiella natans",376277,TRUE,NA,NA,NA,FALSE
"Caecum trachea",138957,TRUE,FALSE,FALSE,FALSE,FALSE
"Ectopleura wrighti",117986,TRUE,NA,NA,FALSE,FALSE
"Aulacoseira ambigua",NA,NA,NA,NA,NA,NA
"Dendrodoa grossularia",103882,TRUE,NA,FALSE,FALSE,FALSE
"Nemopsis bachei",117348,TRUE,TRUE,NA,FALSE,FALSE
"Dendropoma petraeum",141938,TRUE,FALSE,FALSE,FALSE,FALSE
"Scolelepis mesnili",131176,TRUE,FALSE,FALSE,FALSE,FALSE
"Marenzelleria neglecta",181523,TRUE,FALSE,TRUE,FALSE,FALSE
"Gelidium vagum",372129,TRUE,NA,NA,NA,FALSE
"Acrochaetium catenulatum",144334,TRUE,NA,NA,NA,FALSE
"Xantho poressa",107442,TRUE,FALSE,FALSE,FALSE,FALSE
"Gelidium crinale",145580,TRUE,NA,NA,NA,FALSE
"Terebella lapidaria",131542,TRUE,FALSE,FALSE,FALSE,FALSE
"Centropages ponticus",104498,TRUE,FALSE,FALSE,FALSE,FALSE
"Vannella simplex",120663,TRUE,NA,TRUE,NA,FALSE
"Holothuria sanctori",241357,TRUE,FALSE,FALSE,FALSE,FALSE
"Amphiura filiformis",125080,TRUE,FALSE,FALSE,FALSE,FALSE
"Synchaeta vorax",135067,TRUE,TRUE,NA,NA,FALSE
"Amphinema rugosum",117781,TRUE,NA,NA,FALSE,FALSE
"Oncaea waldemari",360846,TRUE,FALSE,FALSE,FALSE,FALSE
"Sphyraena viridensis",127069,TRUE,FALSE,FALSE,FALSE,FALSE
"Hemiselmis andersenii",623449,TRUE,NA,NA,NA,FALSE
"Phorbas bihamiger",169314,TRUE,FALSE,FALSE,FALSE,FALSE
"Cordylophora caspia",117428,FALSE,TRUE,TRUE,FALSE,TRUE
"Trieres regia",839996,TRUE,NA,NA,NA,FALSE
"Skeletonema japonicum",376666,TRUE,NA,NA,FALSE,FALSE
"Neobrightwellia alternans",NA,NA,NA,NA,NA,NA
"Chattonella marina",233780,TRUE,NA,NA,NA,FALSE
"Celleporella hyalina",111397,TRUE,FALSE,FALSE,FALSE,FALSE
"Pterocladiella melanoidea",145600,TRUE,NA,NA,NA,FALSE
"Jassa pusilla",102437,TRUE,FALSE,FALSE,FALSE,FALSE
"Pseudonereis anomala",130421,TRUE,FALSE,FALSE,FALSE,FALSE
"Actinostella flosculifera",289355,TRUE,NA,NA,FALSE,FALSE
"Odontella aurita",149050,TRUE,NA,NA,FALSE,FALSE
"Gastroclonium reflexum",145811,TRUE,NA,NA,NA,FALSE
"Clausocalanus mastigophorus",104506,TRUE,FALSE,FALSE,FALSE,FALSE
"Oncaea mediterranea",128939,TRUE,FALSE,FALSE,FALSE,FALSE
"Acanthonyx lunulatus",107312,TRUE,FALSE,FALSE,FALSE,FALSE
"Nemalecium lighti",290449,TRUE,FALSE,FALSE,FALSE,FALSE
"Herposiphonia secunda",214222,TRUE,NA,NA,NA,FALSE
"Liagora nesophila",1369788,TRUE,NA,NA,NA,FALSE
"Palisada tenerrima",834118,TRUE,NA,NA,NA,FALSE
"Haminella solitaria",1342053,TRUE,NA,FALSE,FALSE,FALSE
"Herposiphonia pecten-veneris",373128,TRUE,NA,NA,NA,FALSE
"Cornularia cornucopiae",125423,TRUE,NA,FALSE,FALSE,FALSE
"Harpacticus flexus",116168,TRUE,FALSE,FALSE,FALSE,FALSE
"Gloiocallis dendroidea",840185,TRUE,NA,NA,NA,FALSE
"Spermatochnus paradoxus",145008,TRUE,NA,NA,NA,FALSE
"Microcosmus squamiger",236666,TRUE,NA,FALSE,FALSE,FALSE
"Lophocladia trichoclados",144836,TRUE,NA,NA,NA,FALSE
"Onoba semicostata",141320,TRUE,FALSE,FALSE,FALSE,FALSE
"Dictyosiphon foeniculaceus",145322,TRUE,TRUE,NA,NA,FALSE
"Eurythoe complanata",129829,TRUE,FALSE,FALSE,FALSE,FALSE
"Solmundella bitentaculata",117267,TRUE,FALSE,FALSE,FALSE,FALSE
"Myrianida pachycera",334043,TRUE,FALSE,FALSE,FALSE,FALSE
"Mulinia lateralis",156870,TRUE,NA,NA,NA,FALSE
"Tausonia pullulans",NA,NA,NA,NA,NA,NA
"Crematogaster scutellaris",NA,NA,NA,NA,NA,NA
"Corambe obscura",139407,TRUE,NA,NA,NA,FALSE
"Loensia variegata",NA,NA,NA,NA,NA,NA
"Jujubinus gravinae",141808,TRUE,NA,NA,NA,FALSE
"Nemastoma dichotomum",145642,TRUE,NA,NA,NA,FALSE
"Glycera fallax",336908,TRUE,FALSE,FALSE,FALSE,FALSE
"Nephtys assimilis",130353,TRUE,FALSE,FALSE,FALSE,FALSE
"Laccobius striatulus",NA,NA,NA,NA,NA,NA
"Biuve fulvipunctata",1055233,TRUE,FALSE,FALSE,FALSE,FALSE
"Anteaeolidiella lurana",730437,TRUE,FALSE,FALSE,FALSE,FALSE
"Nitophyllum punctatum",144770,TRUE,NA,NA,NA,FALSE
"Edmundsella pedata",1047602,TRUE,NA,NA,NA,FALSE
"Eumida fauchaldi",1591960,TRUE,FALSE,FALSE,FALSE,FALSE
"Lissodendoryx carolinensis",192322,TRUE,FALSE,FALSE,FALSE,FALSE
"Eumida merope",564487,TRUE,NA,NA,NA,FALSE
"Pista colini",1339816,TRUE,FALSE,FALSE,FALSE,FALSE
"Phylo foetida",130528,TRUE,FALSE,FALSE,FALSE,FALSE
"Tedania ignis",404078,TRUE,FALSE,FALSE,FALSE,FALSE
"Liagora viscida",145764,TRUE,NA,NA,NA,FALSE
"Peyssonnelia rubra",145287,TRUE,NA,NA,NA,FALSE
"Helminthocladia australis",213783,TRUE,NA,NA,NA,FALSE
"Kapraunia schneideri",1346787,TRUE,NA,NA,NA,FALSE
"Herposiphonia akidoglossa",214217,TRUE,NA,NA,NA,FALSE
"Holothuria mammata",732359,TRUE,FALSE,FALSE,FALSE,FALSE
"Halopteris diaphana",117632,TRUE,FALSE,FALSE,FALSE,FALSE
"Ahnfeltia borealis",707829,TRUE,NA,NA,NA,FALSE
"Duvaucelia manicata",1473657,TRUE,FALSE,FALSE,FALSE,FALSE
"Anacaena lutescens",NA,NA,NA,NA,NA,NA
"Odontosyllis gibba",131328,TRUE,FALSE,FALSE,FALSE,FALSE
"Tanytarsus signatus",NA,NA,NA,NA,NA,NA
